<?xml version="1.0" encoding="UTF-8"?>
<!DOCTYPE configuration PUBLIC "-//mybatis.org//DTD Config 3.0//EN" 
				"http://mybatis.org/dtd/mybatis-3-config.dtd">
<configuration>
	<settings>
		<setting name="cacheEnabled" value="true" />
		<setting name="lazyLoadingEnabled" value="true" />
	</settings>
	
	<typeAliases>
		<typeAlias alias="exampleBean" type="com.fom.examples.bean.ExampleBean" />
	</typeAliases>

	<mappers>
		<mapper resource="WEB-INF/mappers/mysql_example.xml" />
	</mappers>
</configuration> 