<?xml version="1.0" encoding="UTF-8"?>
<fom>
	<fom-scan>com.fom</fom-scan>

	<includes>
		<include>examples/ImpotEsExample.xml</include>
		<include>examples/ImportMysqlExample1.xml</include>
		<include>examples/ImportMysqlExample2.xml</include>
		<include>examples/ImportOracleExample1.xml</include>
		<include>examples/ImportOracleExample2.xml</include>
		<!-- <include>examples/hdfsDownload.xml</include> -->
		<!-- <include>examples/HdfsZipDownload.xml</include> -->
	</includes>
</fom>

