<?xml version="1.0" encoding="UTF-8"?>
<pools>
	<!-- <pool name="example_es" class="com.fom.db.pool.EsPool">
		<clusterName>selfES</clusterName>
		<nodes>
			<node>192.168.141.21:9300</node>
		</nodes>
	</pool> -->

	<!-- <pool name="example_oracle" class="com.fom.db.pool.JdbcPool">
		<core>20</core>
		<max>20</max>
		<waitTimeOut>120000</waitTimeOut>
		<aliveTimeOut>120000</aliveTimeOut>
		<driver>oracle.jdbc.driver.OracleDriver</driver>
		<url>jdbc:oracle:thin:@192.168.141.21:1521:orcl</url>
		<user>scott</user>
		<passwd>admin</passwd>
	</pool> -->
	
	<!-- <pool name="example_mysql" class="com.fom.db.pool.JdbcPool">
		<core>20</core>
		<max>20</max>
		<waitTimeOut>120000</waitTimeOut>
		<aliveTimeOut>120000</aliveTimeOut>
		<driver>com.mysql.cj.jdbc.Driver</driver>
		<url>jdbc:mysql://192.168.141.13:3306/demo</url>
		<user>shanhm</user>
		<passwd>shanhm</passwd>
	</pool>  -->
</pools>
