<?xml version="1.0" encoding="UTF-8"?>
<fom>
	<contexts>
		<context class="com.fom.examples.ImportOracleExample1">
			<remark>使用Mybatis的方式将本地指定目录下text文本的zip包解析导入Oracle库 </remark>
			<cron>0/5 * * * * ?</cron>
			<pattern>demo.zip</pattern>
			<srcPath>/source</srcPath>
			<batch>5000</batch>
			<isDelMatchFail>false</isDelMatchFail>
			<zipEntryPattern>.\.bcp</zipEntryPattern>
		</context>

		<context name="ImportOracleExample2" class="com.fom.examples.ImportOracleExample2">
			<remark>使用自定义pool的方式将本地指定目录下text文本的zip包解析导入Oracle库</remark>
			<cron>0/10 * * * * ?</cron>
			<pattern>test.zip</pattern>
			<srcPath>${webapp.root}/source</srcPath>
			<batch>5000</batch>
			<isDelMatchFail>false</isDelMatchFail>
			<zipEntryPattern>.\.bcp</zipEntryPattern>
		</context>
	</contexts>
</fom>