<?xml version="1.0" encoding="UTF-8"?>
<foms>
	<fom name="example6" config="com.fom.defaulter.HdfsDownloaderConfig">
		<remark>下载hdfs上指定目录下的文件</remark>
		<src.uri>/test</src.uri>
		<src.pattern></src.pattern>
		<src.delMatchFail>false</src.delMatchFail>
		<scanner>com.fom.context.scanner.HdfsScanner</scanner>
		<scanner.cron>0 0/15 * * * ?</scanner.cron>
		<context>com.fom.defaulter.HdfsDownloader</context>
		<thread.min>10</thread.min>
		<thread.max>10</thread.max>
		<thread.aliveTime>30</thread.aliveTime>
		<thread.overTime>86400</thread.overTime>
		<thread.cancellable>false</thread.cancellable>
		<extends>
			<hdfs.master>master.ip:port</hdfs.master>
			<hdfs.slave>slave.ip:port</hdfs.slave>
			<downloader.isSrcDel>false</downloader.isSrcDel>
			<downloader.isWithTemp>true</downloader.isWithTemp>
			<downloader.desPath>${webapp.root}/download</downloader.desPath>
		</extends>
	</fom>
</foms>