<?xml version="1.0" encoding="UTF-8"?>
<foms>
	<fom name="example_downloadHdfsZip" config="com.fom.context.config.HdfsZipDownloaderConfig">
		<src.path>/test</src.path>
		<src.pattern></src.pattern>
		<src.match.fail.del>false</src.match.fail.del>
		<scanner>com.fom.context.HdfsScanner</scanner>
		<scanner.cron>0 0/15 * * * ?</scanner.cron>
		<executor>com.fom.context.HdfsZipDownloader</executor>
		<executor.min>10</executor.min>
		<executor.max>10</executor.max>
		<executor.aliveTime.seconds>30</executor.aliveTime.seconds>
		<executor.overTime.seconds>86400</executor.overTime.seconds>
		<executor.overTime.cancle>false</executor.overTime.cancle>
		<downloader.src.del>false</downloader.src.del>
		<downloader.withTemp>true</downloader.withTemp>
		<downloader.dest.path>${webapp.root}/download</downloader.dest.path>
		<hdfs.master>master.ip:port</hdfs.master>
		<hdfs.slave>slave.ip:port</hdfs.slave>
		<signal.file>a.orc</signal.file>
		<downloader.zip.entry.max>100</downloader.zip.entry.max>
		<downloader.zip.size.max>5M</downloader.zip.size.max>
	</fom>
</foms>