<?xml version="1.0" encoding="UTF-8"?>
<foms>
	<fom name="example_importLocalFileToEsByPool" config="com.fom.examples.importer.local.es.LocalEsImporterConfig">
		<src.path>${webapp.root}/source</src.path>
		<src.pattern>demo.bcp</src.pattern>
		<src.match.fail.del>false</src.match.fail.del>
		<scanner>com.fom.context.LocalScanner</scanner>
		<scanner.cron>0 0/15 * * * ?</scanner.cron>
		<executor>com.fom.examples.importer.local.es.LocalEsPoolImpoter</executor>
		<executor.min>10</executor.min>
		<executor.max>10</executor.max>
		<executor.aliveTime.seconds>30</executor.aliveTime.seconds>
		<executor.overTime.seconds>86400</executor.overTime.seconds>
		<executor.overTime.cancle>false</executor.overTime.cancle>
		<importer.batch>5000</importer.batch>
		<extended>
			<es.index>demo</es.index>
			<es.type>demo</es.type>
			<es.json>WEB-INF/index/index_demo.json</es.json>
		</extended>
	</fom>
</foms>